Month,transactions,total_income,total_expense,net
2025-04,32,11304.56,-1462.28,9842.28
2025-05,58,20559.65,-4048.8900000000003,16510.76
2025-06,56,24858.460000000003,-2756.06,22102.4
2025-07,44,16891.31,-3434.98,13456.33
2025-08,43,17235.050000000003,-2657.52,14577.53
2025-09,58,19754.859999999997,-5700.61,14054.25
2025-10,9,2220.45,-1183.18,1037.27
